sparsity,performance,config_list
0.6,0.1639,"[{""op_names"": [""layer2.0.shortcut.0""], ""sparsity"": 0.04520416544177503, ""op_types"": [""Conv2d""]}, {""op_names"": [""layer3.0.shortcut.0""], ""sparsity"": 0.13299747731034559, ""op_types"": [""Conv2d""]}, {""op_names"": [""layer1.0.conv1""], ""sparsity"": 0.13943866924174703, ""op_types"": [""Conv2d""]}, {""op_names"": [""layer1.0.conv2""], ""sparsity"": 0.17850587786582772, ""op_types"": [""Conv2d""]}, {""op_names"": [""layer1.1.conv1""], ""sparsity"": 0.19340302590420744, ""op_types"": [""Conv2d""]}, {""op_names"": [""layer1.1.conv2""], ""sparsity"": 0.23208684503107693, ""op_types"": [""Conv2d""]}, {""op_names"": [""layer2.0.conv1""], ""sparsity"": 0.24046596741469256, ""op_types"": [""Conv2d""]}, {""op_names"": [""layer4.0.shortcut.0""], ""sparsity"": 0.25388812493003154, ""op_types"": [""Conv2d""]}, {""op_names"": [""layer2.0.conv2""], ""sparsity"": 0.26901061073974747, ""op_types"": [""Conv2d""]}, {""op_names"": [""layer2.1.conv1""], ""sparsity"": 0.3071729017585066, ""op_types"": [""Conv2d""]}, {""op_names"": [""layer2.1.conv2""], ""sparsity"": 0.32134195930116055, ""op_types"": [""Conv2d""]}, {""op_names"": [""layer3.0.conv1""], ""sparsity"": 0.49506115771343107, ""op_types"": [""Conv2d""]}, {""op_names"": [""layer3.0.conv2""], ""sparsity"": 0.5032813592604799, ""op_types"": [""Conv2d""]}, {""op_names"": [""layer3.1.conv1""], ""sparsity"": 0.5059903536209783, ""op_types"": [""Conv2d""]}, {""op_names"": [""layer3.1.conv2""], ""sparsity"": 0.5642971148393029, ""op_types"": [""Conv2d""]}, {""op_names"": [""layer4.0.conv1""], ""sparsity"": 0.5663445838142774, ""op_types"": [""Conv2d""]}, {""op_names"": [""layer4.0.conv2""], ""sparsity"": 0.587374481729372, ""op_types"": [""Conv2d""]}, {""op_names"": [""layer4.1.conv1""], ""sparsity"": 0.6257702056950473, ""op_types"": [""Conv2d""]}, {""op_names"": [""layer4.1.conv2""], ""sparsity"": 0.795015719321713, ""op_types"": [""Conv2d""]}]"
0.6,0.4243,"[{""op_names"": [""layer3.0.shortcut.0""], ""sparsity"": 0.05894163179975195, ""op_types"": [""Conv2d""]}, {""op_names"": [""layer1.0.conv1""], ""sparsity"": 0.060969052639886945, ""op_types"": [""Conv2d""]}, {""op_names"": [""layer1.0.conv2""], ""sparsity"": 0.1303323421930386, ""op_types"": [""Conv2d""]}, {""op_names"": [""layer1.1.conv1""], ""sparsity"": 0.1403777138924836, ""op_types"": [""Conv2d""]}, {""op_names"": [""layer1.1.conv2""], ""sparsity"": 0.18183262271857847, ""op_types"": [""Conv2d""]}, {""op_names"": [""layer2.0.conv1""], ""sparsity"": 0.25507849385388826, ""op_types"": [""Conv2d""]}, {""op_names"": [""layer4.0.shortcut.0""], ""sparsity"": 0.25649920786582436, ""op_types"": [""Conv2d""]}, {""op_names"": [""layer2.0.conv2""], ""sparsity"": 0.3122547540606433, ""op_types"": [""Conv2d""]}, {""op_names"": [""layer2.1.conv1""], ""sparsity"": 0.3278013048318057, ""op_types"": [""Conv2d""]}, {""op_names"": [""layer2.1.conv2""], ""sparsity"": 0.3739222629607035, ""op_types"": [""Conv2d""]}, {""op_names"": [""layer3.0.conv1""], ""sparsity"": 0.42272752539478603, ""op_types"": [""Conv2d""]}, {""op_names"": [""layer3.0.conv2""], ""sparsity"": 0.47653080738417897, ""op_types"": [""Conv2d""]}, {""op_names"": [""layer3.1.conv1""], ""sparsity"": 0.48244829246931503, ""op_types"": [""Conv2d""]}, {""op_names"": [""layer3.1.conv2""], ""sparsity"": 0.49501338224912067, ""op_types"": [""Conv2d""]}, {""op_names"": [""layer4.0.conv1""], ""sparsity"": 0.51461045337319, ""op_types"": [""Conv2d""]}, {""op_names"": [""layer4.0.conv2""], ""sparsity"": 0.5641623751518584, ""op_types"": [""Conv2d""]}, {""op_names"": [""layer4.1.conv1""], ""sparsity"": 0.6938576701471171, ""op_types"": [""Conv2d""]}, {""op_names"": [""layer4.1.conv2""], ""sparsity"": 0.8118414546869562, ""op_types"": [""Conv2d""]}]"
0.6,0.5943,"[{""op_names"": [""layer1.0.conv1""], ""sparsity"": 0.01623723550260385, ""op_types"": [""Conv2d""]}, {""op_names"": [""layer1.0.conv2""], ""sparsity"": 0.073669622405868, ""op_types"": [""Conv2d""]}, {""op_names"": [""layer1.1.conv1""], ""sparsity"": 0.13545969456380416, ""op_types"": [""Conv2d""]}, {""op_names"": [""layer1.1.conv2""], ""sparsity"": 0.16787438439293695, ""op_types"": [""Conv2d""]}, {""op_names"": [""layer2.0.conv1""], ""sparsity"": 0.18489846757001496, ""op_types"": [""Conv2d""]}, {""op_names"": [""layer4.0.shortcut.0""], ""sparsity"": 0.19604541963884337, ""op_types"": [""Conv2d""]}, {""op_names"": [""layer2.0.conv2""], ""sparsity"": 0.21528936795984227, ""op_types"": [""Conv2d""]}, {""op_names"": [""layer2.1.conv1""], ""sparsity"": 0.2468927272581571, ""op_types"": [""Conv2d""]}, {""op_names"": [""layer2.1.conv2""], ""sparsity"": 0.26696879758561515, ""op_types"": [""Conv2d""]}, {""op_names"": [""layer3.0.conv1""], ""sparsity"": 0.33850746182732533, ""op_types"": [""Conv2d""]}, {""op_names"": [""layer3.0.conv2""], ""sparsity"": 0.418315676734316, ""op_types"": [""Conv2d""]}, {""op_names"": [""layer3.1.conv1""], ""sparsity"": 0.43242042087557997, ""op_types"": [""Conv2d""]}, {""op_names"": [""layer3.1.conv2""], ""sparsity"": 0.45814352721108315, ""op_types"": [""Conv2d""]}, {""op_names"": [""layer4.0.conv1""], ""sparsity"": 0.4785999169441995, ""op_types"": [""Conv2d""]}, {""op_names"": [""layer4.0.conv2""], ""sparsity"": 0.6642521230702932, ""op_types"": [""Conv2d""]}, {""op_names"": [""layer4.1.conv1""], ""sparsity"": 0.6944258842324709, ""op_types"": [""Conv2d""]}, {""op_names"": [""layer4.1.conv2""], ""sparsity"": 0.8020451123193696, ""op_types"": [""Conv2d""]}]"
0.6,0.5585,"[{""op_names"": [""layer2.0.shortcut.0""], ""sparsity"": 0.010944954214908027, ""op_types"": [""Conv2d""]}, {""op_names"": [""layer3.0.shortcut.0""], ""sparsity"": 0.033921158674561296, ""op_types"": [""Conv2d""]}, {""op_names"": [""layer1.0.conv1""], ""sparsity"": 0.07702716971707793, ""op_types"": [""Conv2d""]}, {""op_names"": [""layer1.0.conv2""], ""sparsity"": 0.07900044906423137, ""op_types"": [""Conv2d""]}, {""op_names"": [""layer1.1.conv1""], ""sparsity"": 0.09459954270187923, ""op_types"": [""Conv2d""]}, {""op_names"": [""layer1.1.conv2""], ""sparsity"": 0.12686898051989776, ""op_types"": [""Conv2d""]}, {""op_names"": [""layer2.0.conv1""], ""sparsity"": 0.15991480852497472, ""op_types"": [""Conv2d""]}, {""op_names"": [""layer4.0.shortcut.0""], ""sparsity"": 0.18423408084079818, ""op_types"": [""Conv2d""]}, {""op_names"": [""layer2.0.conv2""], ""sparsity"": 0.20153886053197184, ""op_types"": [""Conv2d""]}, {""op_names"": [""layer2.1.conv1""], ""sparsity"": 0.2650180138360443, ""op_types"": [""Conv2d""]}, {""op_names"": [""layer2.1.conv2""], ""sparsity"": 0.3463659848002812, ""op_types"": [""Conv2d""]}, {""op_names"": [""layer3.0.conv1""], ""sparsity"": 0.38490413897950876, ""op_types"": [""Conv2d""]}, {""op_names"": [""layer3.0.conv2""], ""sparsity"": 0.40433638733067134, ""op_types"": [""Conv2d""]}, {""op_names"": [""layer3.1.conv1""], ""sparsity"": 0.4306418330764646, ""op_types"": [""Conv2d""]}, {""op_names"": [""layer3.1.conv2""], ""sparsity"": 0.43075171874280016, ""op_types"": [""Conv2d""]}, {""op_names"": [""layer4.0.conv1""], ""sparsity"": 0.5763641014049653, ""op_types"": [""Conv2d""]}, {""op_names"": [""layer4.0.conv2""], ""sparsity"": 0.5802467068318427, ""op_types"": [""Conv2d""]}, {""op_names"": [""layer4.1.conv1""], ""sparsity"": 0.721995969470014, ""op_types"": [""Conv2d""]}, {""op_names"": [""layer4.1.conv2""], ""sparsity"": 0.8105244306323909, ""op_types"": [""Conv2d""]}]"
0.6,0.551,"[{""op_names"": [""layer3.0.shortcut.0""], ""sparsity"": 0.005047499388645072, ""op_types"": [""Conv2d""]}, {""op_names"": [""layer1.0.conv1""], ""sparsity"": 0.024780030730629222, ""op_types"": [""Conv2d""]}, {""op_names"": [""layer1.0.conv2""], ""sparsity"": 0.10454381434937558, ""op_types"": [""Conv2d""]}, {""op_names"": [""layer1.1.conv1""], ""sparsity"": 0.12511768507471452, ""op_types"": [""Conv2d""]}, {""op_names"": [""layer1.1.conv2""], ""sparsity"": 0.17734438319549262, ""op_types"": [""Conv2d""]}, {""op_names"": [""layer2.0.conv1""], ""sparsity"": 0.21210581994883654, ""op_types"": [""Conv2d""]}, {""op_names"": [""layer4.0.shortcut.0""], ""sparsity"": 0.23047189120258607, ""op_types"": [""Conv2d""]}, {""op_names"": [""layer2.0.conv2""], ""sparsity"": 0.2375960627254962, ""op_types"": [""Conv2d""]}, {""op_names"": [""layer2.1.conv1""], ""sparsity"": 0.25755599211822966, ""op_types"": [""Conv2d""]}, {""op_names"": [""layer2.1.conv2""], ""sparsity"": 0.30591114442172984, ""op_types"": [""Conv2d""]}, {""op_names"": [""layer3.0.conv1""], ""sparsity"": 0.3237324640886699, ""op_types"": [""Conv2d""]}, {""op_names"": [""layer3.0.conv2""], ""sparsity"": 0.38206019096452515, ""op_types"": [""Conv2d""]}, {""op_names"": [""layer3.1.conv1""], ""sparsity"": 0.4044914629138457, ""op_types"": [""Conv2d""]}, {""op_names"": [""layer3.1.conv2""], ""sparsity"": 0.5273858317215894, ""op_types"": [""Conv2d""]}, {""op_names"": [""layer4.0.conv1""], ""sparsity"": 0.5528856654431531, ""op_types"": [""Conv2d""]}, {""op_names"": [""layer4.0.conv2""], ""sparsity"": 0.6420659420131606, ""op_types"": [""Conv2d""]}, {""op_names"": [""layer4.1.conv1""], ""sparsity"": 0.7045044588979011, ""op_types"": [""Conv2d""]}, {""op_names"": [""layer4.1.conv2""], ""sparsity"": 0.7696631052496454, ""op_types"": [""Conv2d""]}]"
0.6,0.78,"[{""op_names"": [""layer3.0.shortcut.0""], ""sparsity"": 0.13208848354176153, ""op_types"": [""Conv2d""]}, {""op_names"": [""layer1.0.conv1""], ""sparsity"": 0.14486559480694963, ""op_types"": [""Conv2d""]}, {""op_names"": [""layer1.0.conv2""], ""sparsity"": 0.15116836349278723, ""op_types"": [""Conv2d""]}, {""op_names"": [""layer1.1.conv1""], ""sparsity"": 0.15403682954433404, ""op_types"": [""Conv2d""]}, {""op_names"": [""layer1.1.conv2""], ""sparsity"": 0.17629263175068538, ""op_types"": [""Conv2d""]}, {""op_names"": [""layer2.0.conv1""], ""sparsity"": 0.17711469760533524, ""op_types"": [""Conv2d""]}, {""op_names"": [""layer4.0.shortcut.0""], ""sparsity"": 0.20279418767800467, ""op_types"": [""Conv2d""]}, {""op_names"": [""layer2.0.conv2""], ""sparsity"": 0.20758809186142704, ""op_types"": [""Conv2d""]}, {""op_names"": [""layer2.1.conv1""], ""sparsity"": 0.2811594847321321, ""op_types"": [""Conv2d""]}, {""op_names"": [""layer2.1.conv2""], ""sparsity"": 0.28827192014974584, ""op_types"": [""Conv2d""]}, {""op_names"": [""layer3.0.conv1""], ""sparsity"": 0.29130663000592866, ""op_types"": [""Conv2d""]}, {""op_names"": [""layer3.0.conv2""], ""sparsity"": 0.30643393900338867, ""op_types"": [""Conv2d""]}, {""op_names"": [""layer3.1.conv1""], ""sparsity"": 0.3096260702297575, ""op_types"": [""Conv2d""]}, {""op_names"": [""layer3.1.conv2""], ""sparsity"": 0.4364678145836641, ""op_types"": [""Conv2d""]}, {""op_names"": [""layer4.0.conv1""], ""sparsity"": 0.44290941002997375, ""op_types"": [""Conv2d""]}, {""op_names"": [""layer4.0.conv2""], ""sparsity"": 0.46566309981210785, ""op_types"": [""Conv2d""]}, {""op_names"": [""layer4.1.conv1""], ""sparsity"": 0.8545320449934168, ""op_types"": [""Conv2d""]}, {""op_names"": [""layer4.1.conv2""], ""sparsity"": 0.9197617456364923, ""op_types"": [""Conv2d""]}]"
0.6,0.7498,"[{""op_names"": [""layer2.0.shortcut.0""], ""sparsity"": 0.026050545700711476, ""op_types"": [""Conv2d""]}, {""op_names"": [""layer3.0.shortcut.0""], ""sparsity"": 0.05476572888385233, ""op_types"": [""Conv2d""]}, {""op_names"": [""layer1.0.conv1""], ""sparsity"": 0.08291102630891228, ""op_types"": [""Conv2d""]}, {""op_names"": [""layer1.0.conv2""], ""sparsity"": 0.12750084629032235, ""op_types"": [""Conv2d""]}, {""op_names"": [""layer1.1.conv1""], ""sparsity"": 0.13180273355204503, ""op_types"": [""Conv2d""]}, {""op_names"": [""layer1.1.conv2""], ""sparsity"": 0.17350335955207538, ""op_types"": [""Conv2d""]}, {""op_names"": [""layer2.0.conv1""], ""sparsity"": 0.1754108924866394, ""op_types"": [""Conv2d""]}, {""op_names"": [""layer4.0.shortcut.0""], ""sparsity"": 0.21493521653673597, ""op_types"": [""Conv2d""]}, {""op_names"": [""layer2.0.conv2""], ""sparsity"": 0.2578977522044482, ""op_types"": [""Conv2d""]}, {""op_names"": [""layer2.1.conv1""], ""sparsity"": 0.2778125793463529, ""op_types"": [""Conv2d""]}, {""op_names"": [""layer2.1.conv2""], ""sparsity"": 0.295803714653679, ""op_types"": [""Conv2d""]}, {""op_names"": [""layer3.0.conv1""], ""sparsity"": 0.3260249488088479, ""op_types"": [""Conv2d""]}, {""op_names"": [""layer3.0.conv2""], ""sparsity"": 0.32730291126518535, ""op_types"": [""Conv2d""]}, {""op_names"": [""layer3.1.conv1""], ""sparsity"": 0.33760458682645034, ""op_types"": [""Conv2d""]}, {""op_names"": [""layer3.1.conv2""], ""sparsity"": 0.3854164597156988, ""op_types"": [""Conv2d""]}, {""op_names"": [""layer4.0.conv1""], ""sparsity"": 0.42888089541152163, ""op_types"": [""Conv2d""]}, {""op_names"": [""layer4.0.conv2""], ""sparsity"": 0.5760571977950256, ""op_types"": [""Conv2d""]}, {""op_names"": [""layer4.1.conv1""], ""sparsity"": 0.7826078863259767, ""op_types"": [""Conv2d""]}, {""op_names"": [""layer4.1.conv2""], ""sparsity"": 0.8832020911322022, ""op_types"": [""Conv2d""]}]"
0.6,0.604,"[{""op_names"": [""layer2.0.shortcut.0""], ""sparsity"": 0.026322157333005063, ""op_types"": [""Conv2d""]}, {""op_names"": [""layer3.0.shortcut.0""], ""sparsity"": 0.036570319708712724, ""op_types"": [""Conv2d""]}, {""op_names"": [""layer1.0.conv1""], ""sparsity"": 0.07881657991777474, ""op_types"": [""Conv2d""]}, {""op_names"": [""layer1.0.conv2""], ""sparsity"": 0.08937940473269168, ""op_types"": [""Conv2d""]}, {""op_names"": [""layer1.1.conv1""], ""sparsity"": 0.142540743118185, ""op_types"": [""Conv2d""]}, {""op_names"": [""layer1.1.conv2""], ""sparsity"": 0.17155453685705543, ""op_types"": [""Conv2d""]}, {""op_names"": [""layer2.0.conv1""], ""sparsity"": 0.19475631121935477, ""op_types"": [""Conv2d""]}, {""op_names"": [""layer4.0.shortcut.0""], ""sparsity"": 0.22971601085885426, ""op_types"": [""Conv2d""]}, {""op_names"": [""layer2.0.conv2""], ""sparsity"": 0.2630415688227776, ""op_types"": [""Conv2d""]}, {""op_names"": [""layer2.1.conv1""], ""sparsity"": 0.26931090042933004, ""op_types"": [""Conv2d""]}, {""op_names"": [""layer2.1.conv2""], ""sparsity"": 0.32547344495056896, ""op_types"": [""Conv2d""]}, {""op_names"": [""layer3.0.conv1""], ""sparsity"": 0.338637012215916, ""op_types"": [""Conv2d""]}, {""op_names"": [""layer3.0.conv2""], ""sparsity"": 0.356140913385213, ""op_types"": [""Conv2d""]}, {""op_names"": [""layer3.1.conv1""], ""sparsity"": 0.3674247799991449, ""op_types"": [""Conv2d""]}, {""op_names"": [""layer3.1.conv2""], ""sparsity"": 0.373201923291381, ""op_types"": [""Conv2d""]}, {""op_names"": [""layer4.0.conv1""], ""sparsity"": 0.43814402757113863, ""op_types"": [""Conv2d""]}, {""op_names"": [""layer4.0.conv2""], ""sparsity"": 0.6339879951777351, ""op_types"": [""Conv2d""]}, {""op_names"": [""layer4.1.conv1""], ""sparsity"": 0.7062702573900381, ""op_types"": [""Conv2d""]}, {""op_names"": [""layer4.1.conv2""], ""sparsity"": 0.8814940359875266, ""op_types"": [""Conv2d""]}]"
0.6,0.5474,"[{""op_names"": [""conv1""], ""sparsity"": 0.004351595663659733, ""op_types"": [""Conv2d""]}, {""op_names"": [""layer2.0.shortcut.0""], ""sparsity"": 0.054319402911296326, ""op_types"": [""Conv2d""]}, {""op_names"": [""layer3.0.shortcut.0""], ""sparsity"": 0.0646328967741467, ""op_types"": [""Conv2d""]}, {""op_names"": [""layer1.0.conv1""], ""sparsity"": 0.06877923451503373, ""op_types"": [""Conv2d""]}, {""op_names"": [""layer1.0.conv2""], ""sparsity"": 0.07401309345265197, ""op_types"": [""Conv2d""]}, {""op_names"": [""layer1.1.conv1""], ""sparsity"": 0.1851244163547219, ""op_types"": [""Conv2d""]}, {""op_names"": [""layer1.1.conv2""], ""sparsity"": 0.18703005552213647, ""op_types"": [""Conv2d""]}, {""op_names"": [""layer2.0.conv1""], ""sparsity"": 0.23323956743999658, ""op_types"": [""Conv2d""]}, {""op_names"": [""layer4.0.shortcut.0""], ""sparsity"": 0.24684029747616829, ""op_types"": [""Conv2d""]}, {""op_names"": [""layer2.0.conv2""], ""sparsity"": 0.3192515694437701, ""op_types"": [""Conv2d""]}, {""op_names"": [""layer2.1.conv1""], ""sparsity"": 0.342892271847474, ""op_types"": [""Conv2d""]}, {""op_names"": [""layer2.1.conv2""], ""sparsity"": 0.36279281329793667, ""op_types"": [""Conv2d""]}, {""op_names"": [""layer3.0.conv1""], ""sparsity"": 0.36755770188383685, ""op_types"": [""Conv2d""]}, {""op_names"": [""layer3.0.conv2""], ""sparsity"": 0.373359655042211, ""op_types"": [""Conv2d""]}, {""op_names"": [""layer3.1.conv1""], ""sparsity"": 0.3761873829205389, ""op_types"": [""Conv2d""]}, {""op_names"": [""layer3.1.conv2""], ""sparsity"": 0.38631110752174996, ""op_types"": [""Conv2d""]}, {""op_names"": [""layer4.0.conv1""], ""sparsity"": 0.4439468668344049, ""op_types"": [""Conv2d""]}, {""op_names"": [""layer4.0.conv2""], ""sparsity"": 0.5506811522399434, ""op_types"": [""Conv2d""]}, {""op_names"": [""layer4.1.conv1""], ""sparsity"": 0.7259187840725607, ""op_types"": [""Conv2d""]}, {""op_names"": [""layer4.1.conv2""], ""sparsity"": 0.915264745111402, ""op_types"": [""Conv2d""]}]"
0.6,0.717,"[{""op_names"": [""conv1""], ""sparsity"": 0.07190140710479807, ""op_types"": [""Conv2d""]}, {""op_names"": [""layer2.0.shortcut.0""], ""sparsity"": 0.07720345039876646, ""op_types"": [""Conv2d""]}, {""op_names"": [""layer3.0.shortcut.0""], ""sparsity"": 0.0861731448970863, ""op_types"": [""Conv2d""]}, {""op_names"": [""layer1.0.conv1""], ""sparsity"": 0.10142292447454689, ""op_types"": [""Conv2d""]}, {""op_names"": [""layer1.0.conv2""], ""sparsity"": 0.11551959214423176, ""op_types"": [""Conv2d""]}, {""op_names"": [""layer1.1.conv1""], ""sparsity"": 0.1158007642719232, ""op_types"": [""Conv2d""]}, {""op_names"": [""layer1.1.conv2""], ""sparsity"": 0.14391105367809434, ""op_types"": [""Conv2d""]}, {""op_names"": [""layer2.0.conv1""], ""sparsity"": 0.1465891047715972, ""op_types"": [""Conv2d""]}, {""op_names"": [""layer4.0.shortcut.0""], ""sparsity"": 0.1653671723710946, ""op_types"": [""Conv2d""]}, {""op_names"": [""layer2.0.conv2""], ""sparsity"": 0.24168734517706877, ""op_types"": [""Conv2d""]}, {""op_names"": [""layer2.1.conv1""], ""sparsity"": 0.2503277726221051, ""op_types"": [""Conv2d""]}, {""op_names"": [""layer2.1.conv2""], ""sparsity"": 0.31270965213521906, ""op_types"": [""Conv2d""]}, {""op_names"": [""layer3.0.conv1""], ""sparsity"": 0.3467947394950619, ""op_types"": [""Conv2d""]}, {""op_names"": [""layer3.0.conv2""], ""sparsity"": 0.3653075619783325, ""op_types"": [""Conv2d""]}, {""op_names"": [""layer3.1.conv1""], ""sparsity"": 0.36980913311374297, ""op_types"": [""Conv2d""]}, {""op_names"": [""layer3.1.conv2""], ""sparsity"": 0.4283140154540025, ""op_types"": [""Conv2d""]}, {""op_names"": [""layer4.0.conv1""], ""sparsity"": 0.47776718263271684, ""op_types"": [""Conv2d""]}, {""op_names"": [""layer4.0.conv2""], ""sparsity"": 0.6319313984094926, ""op_types"": [""Conv2d""]}, {""op_names"": [""layer4.1.conv1""], ""sparsity"": 0.7781192571535016, ""op_types"": [""Conv2d""]}, {""op_names"": [""layer4.1.conv2""], ""sparsity"": 0.7817728101071841, ""op_types"": [""Conv2d""]}]"
0.6,0.744,"[{""op_names"": [""layer2.0.shortcut.0""], ""sparsity"": 0.05180052030250869, ""op_types"": [""Conv2d""]}, {""op_names"": [""layer3.0.shortcut.0""], ""sparsity"": 0.05968460390794317, ""op_types"": [""Conv2d""]}, {""op_names"": [""layer1.0.conv1""], ""sparsity"": 0.06260861994898159, ""op_types"": [""Conv2d""]}, {""op_names"": [""layer1.0.conv2""], ""sparsity"": 0.08294653664807314, ""op_types"": [""Conv2d""]}, {""op_names"": [""layer1.1.conv1""], ""sparsity"": 0.12889305528097267, ""op_types"": [""Conv2d""]}, {""op_names"": [""layer1.1.conv2""], ""sparsity"": 0.1549150014421574, ""op_types"": [""Conv2d""]}, {""op_names"": [""layer2.0.conv1""], ""sparsity"": 0.16222540078366002, ""op_types"": [""Conv2d""]}, {""op_names"": [""layer4.0.shortcut.0""], ""sparsity"": 0.18720988671584582, ""op_types"": [""Conv2d""]}, {""op_names"": [""layer2.0.conv2""], ""sparsity"": 0.210272636308534, ""op_types"": [""Conv2d""]}, {""op_names"": [""layer2.1.conv1""], ""sparsity"": 0.250626929882709, ""op_types"": [""Conv2d""]}, {""op_names"": [""layer2.1.conv2""], ""sparsity"": 0.2870196874804033, ""op_types"": [""Conv2d""]}, {""op_names"": [""layer3.0.conv1""], ""sparsity"": 0.3137495205239241, ""op_types"": [""Conv2d""]}, {""op_names"": [""layer3.0.conv2""], ""sparsity"": 0.33032088420522715, ""op_types"": [""Conv2d""]}, {""op_names"": [""layer3.1.conv1""], ""sparsity"": 0.3535548973329306, ""op_types"": [""Conv2d""]}, {""op_names"": [""layer3.1.conv2""], ""sparsity"": 0.3828280564944855, ""op_types"": [""Conv2d""]}, {""op_names"": [""layer4.0.conv1""], ""sparsity"": 0.4310305069879704, ""op_types"": [""Conv2d""]}, {""op_names"": [""layer4.0.conv2""], ""sparsity"": 0.6502743289556177, ""op_types"": [""Conv2d""]}, {""op_names"": [""layer4.1.conv1""], ""sparsity"": 0.7676636822641595, ""op_types"": [""Conv2d""]}, {""op_names"": [""layer4.1.conv2""], ""sparsity"": 0.8286626431336334, ""op_types"": [""Conv2d""]}]"
0.6,0.7981,"[{""op_names"": [""layer2.0.shortcut.0""], ""sparsity"": 0.02054743716401288, ""op_types"": [""Conv2d""]}, {""op_names"": [""layer3.0.shortcut.0""], ""sparsity"": 0.0234585117280616, ""op_types"": [""Conv2d""]}, {""op_names"": [""layer1.0.conv1""], ""sparsity"": 0.1068785082762817, ""op_types"": [""Conv2d""]}, {""op_names"": [""layer1.0.conv2""], ""sparsity"": 0.11662324754252863, ""op_types"": [""Conv2d""]}, {""op_names"": [""layer1.1.conv1""], ""sparsity"": 0.14095353730359095, ""op_types"": [""Conv2d""]}, {""op_names"": [""layer1.1.conv2""], ""sparsity"": 0.15231197321256754, ""op_types"": [""Conv2d""]}, {""op_names"": [""layer2.0.conv1""], ""sparsity"": 0.17564764660467533, ""op_types"": [""Conv2d""]}, {""op_names"": [""layer4.0.shortcut.0""], ""sparsity"": 0.1766614514972802, ""op_types"": [""Conv2d""]}, {""op_names"": [""layer2.0.conv2""], ""sparsity"": 0.22453677454749485, ""op_types"": [""Conv2d""]}, {""op_names"": [""layer2.1.conv1""], ""sparsity"": 0.24080475972246562, ""op_types"": [""Conv2d""]}, {""op_names"": [""layer2.1.conv2""], ""sparsity"": 0.24711059316666412, ""op_types"": [""Conv2d""]}, {""op_names"": [""layer3.0.conv1""], ""sparsity"": 0.27094166387966717, ""op_types"": [""Conv2d""]}, {""op_names"": [""layer3.0.conv2""], ""sparsity"": 0.2948275594163748, ""op_types"": [""Conv2d""]}, {""op_names"": [""layer3.1.conv1""], ""sparsity"": 0.3401979146489324, ""op_types"": [""Conv2d""]}, {""op_names"": [""layer3.1.conv2""], ""sparsity"": 0.3805714655969004, ""op_types"": [""Conv2d""]}, {""op_names"": [""layer4.0.conv1""], ""sparsity"": 0.4148305463935245, ""op_types"": [""Conv2d""]}, {""op_names"": [""layer4.0.conv2""], ""sparsity"": 0.6887579837033738, ""op_types"": [""Conv2d""]}, {""op_names"": [""layer4.1.conv1""], ""sparsity"": 0.7050241062238898, ""op_types"": [""Conv2d""]}, {""op_names"": [""layer4.1.conv2""], ""sparsity"": 0.8806752349008766, ""op_types"": [""Conv2d""]}]"
0.6,0.7604,"[{""op_names"": [""layer3.0.shortcut.0""], ""sparsity"": 0.026591316311028092, ""op_types"": [""Conv2d""]}, {""op_names"": [""layer1.0.conv1""], ""sparsity"": 0.08221036057616024, ""op_types"": [""Conv2d""]}, {""op_names"": [""layer1.0.conv2""], ""sparsity"": 0.08430024514754947, ""op_types"": [""Conv2d""]}, {""op_names"": [""layer1.1.conv1""], ""sparsity"": 0.09309716185972118, ""op_types"": [""Conv2d""]}, {""op_names"": [""layer1.1.conv2""], ""sparsity"": 0.10454173632547063, ""op_types"": [""Conv2d""]}, {""op_names"": [""layer2.0.conv1""], ""sparsity"": 0.16742967366274059, ""op_types"": [""Conv2d""]}, {""op_names"": [""layer4.0.shortcut.0""], ""sparsity"": 0.17627234257303356, ""op_types"": [""Conv2d""]}, {""op_names"": [""layer2.0.conv2""], ""sparsity"": 0.179178384956253, ""op_types"": [""Conv2d""]}, {""op_names"": [""layer2.1.conv1""], ""sparsity"": 0.1867419429539843, ""op_types"": [""Conv2d""]}, {""op_names"": [""layer2.1.conv2""], ""sparsity"": 0.2673701331789977, ""op_types"": [""Conv2d""]}, {""op_names"": [""layer3.0.conv1""], ""sparsity"": 0.271685287400928, ""op_types"": [""Conv2d""]}, {""op_names"": [""layer3.0.conv2""], ""sparsity"": 0.3071508665639791, ""op_types"": [""Conv2d""]}, {""op_names"": [""layer3.1.conv1""], ""sparsity"": 0.3082324144521775, ""op_types"": [""Conv2d""]}, {""op_names"": [""layer3.1.conv2""], ""sparsity"": 0.37958995644227517, ""op_types"": [""Conv2d""]}, {""op_names"": [""layer4.0.conv1""], ""sparsity"": 0.4016132743463588, ""op_types"": [""Conv2d""]}, {""op_names"": [""layer4.0.conv2""], ""sparsity"": 0.6146556469381416, ""op_types"": [""Conv2d""]}, {""op_names"": [""layer4.1.conv1""], ""sparsity"": 0.740604023975298, ""op_types"": [""Conv2d""]}, {""op_names"": [""layer4.1.conv2""], ""sparsity"": 0.9385072328897115, ""op_types"": [""Conv2d""]}]"
0.6,0.804,"[{""op_names"": [""layer3.0.shortcut.0""], ""sparsity"": 0.017049301183362307, ""op_types"": [""Conv2d""]}, {""op_names"": [""layer1.0.conv1""], ""sparsity"": 0.09976556537172235, ""op_types"": [""Conv2d""]}, {""op_names"": [""layer1.0.conv2""], ""sparsity"": 0.10781451072024806, ""op_types"": [""Conv2d""]}, {""op_names"": [""layer1.1.conv1""], ""sparsity"": 0.11775807880667678, ""op_types"": [""Conv2d""]}, {""op_names"": [""layer1.1.conv2""], ""sparsity"": 0.12134820697875935, ""op_types"": [""Conv2d""]}, {""op_names"": [""layer2.0.conv1""], ""sparsity"": 0.12942918335559625, ""op_types"": [""Conv2d""]}, {""op_names"": [""layer4.0.shortcut.0""], ""sparsity"": 0.15347977041653088, ""op_types"": [""Conv2d""]}, {""op_names"": [""layer2.0.conv2""], ""sparsity"": 0.22469592066825753, ""op_types"": [""Conv2d""]}, {""op_names"": [""layer2.1.conv1""], ""sparsity"": 0.22879477908506424, ""op_types"": [""Conv2d""]}, {""op_names"": [""layer2.1.conv2""], ""sparsity"": 0.2336230349689299, ""op_types"": [""Conv2d""]}, {""op_names"": [""layer3.0.conv1""], ""sparsity"": 0.2563993598118282, ""op_types"": [""Conv2d""]}, {""op_names"": [""layer3.0.conv2""], ""sparsity"": 0.2871491517724757, ""op_types"": [""Conv2d""]}, {""op_names"": [""layer3.1.conv1""], ""sparsity"": 0.34230994737719617, ""op_types"": [""Conv2d""]}, {""op_names"": [""layer3.1.conv2""], ""sparsity"": 0.34261133210890676, ""op_types"": [""Conv2d""]}, {""op_names"": [""layer4.0.conv1""], ""sparsity"": 0.385539252704098, ""op_types"": [""Conv2d""]}, {""op_names"": [""layer4.0.conv2""], ""sparsity"": 0.6004139980126976, ""op_types"": [""Conv2d""]}, {""op_names"": [""layer4.1.conv1""], ""sparsity"": 0.7529587465444355, ""op_types"": [""Conv2d""]}, {""op_names"": [""layer4.1.conv2""], ""sparsity"": 0.9540004888396587, ""op_types"": [""Conv2d""]}]"
0.6,0.7429,"[{""op_names"": [""layer2.0.shortcut.0""], ""sparsity"": 0.023988373617410436, ""op_types"": [""Conv2d""]}, {""op_names"": [""layer3.0.shortcut.0""], ""sparsity"": 0.04174224646795836, ""op_types"": [""Conv2d""]}, {""op_names"": [""layer1.0.conv1""], ""sparsity"": 0.05296476528765306, ""op_types"": [""Conv2d""]}, {""op_names"": [""layer1.0.conv2""], ""sparsity"": 0.06926805309836445, ""op_types"": [""Conv2d""]}, {""op_names"": [""layer1.1.conv1""], ""sparsity"": 0.14361955858375514, ""op_types"": [""Conv2d""]}, {""op_names"": [""layer1.1.conv2""], ""sparsity"": 0.16599801980737477, ""op_types"": [""Conv2d""]}, {""op_names"": [""layer2.0.conv1""], ""sparsity"": 0.17252013340849748, ""op_types"": [""Conv2d""]}, {""op_names"": [""layer4.0.shortcut.0""], ""sparsity"": 0.18931021777197876, ""op_types"": [""Conv2d""]}, {""op_names"": [""layer2.0.conv2""], ""sparsity"": 0.20059399930385297, ""op_types"": [""Conv2d""]}, {""op_names"": [""layer2.1.conv1""], ""sparsity"": 0.21567255337239685, ""op_types"": [""Conv2d""]}, {""op_names"": [""layer2.1.conv2""], ""sparsity"": 0.260621839761592, ""op_types"": [""Conv2d""]}, {""op_names"": [""layer3.0.conv1""], ""sparsity"": 0.2702163539888305, ""op_types"": [""Conv2d""]}, {""op_names"": [""layer3.0.conv2""], ""sparsity"": 0.28798243610132174, ""op_types"": [""Conv2d""]}, {""op_names"": [""layer3.1.conv1""], ""sparsity"": 0.29798860438874075, ""op_types"": [""Conv2d""]}, {""op_names"": [""layer3.1.conv2""], ""sparsity"": 0.3044986421009702, ""op_types"": [""Conv2d""]}, {""op_names"": [""layer4.0.conv1""], ""sparsity"": 0.3157534743373372, ""op_types"": [""Conv2d""]}, {""op_names"": [""layer4.0.conv2""], ""sparsity"": 0.5747468928245281, ""op_types"": [""Conv2d""]}, {""op_names"": [""layer4.1.conv1""], ""sparsity"": 0.807247789037128, ""op_types"": [""Conv2d""]}, {""op_names"": [""layer4.1.conv2""], ""sparsity"": 0.9760532691274255, ""op_types"": [""Conv2d""]}]"
0.6,0.7647,"[{""op_names"": [""layer3.0.shortcut.0""], ""sparsity"": 0.0036452164475935496, ""op_types"": [""Conv2d""]}, {""op_names"": [""layer1.0.conv1""], ""sparsity"": 0.03957962877540388, ""op_types"": [""Conv2d""]}, {""op_names"": [""layer1.0.conv2""], ""sparsity"": 0.09925199594120031, ""op_types"": [""Conv2d""]}, {""op_names"": [""layer1.1.conv1""], ""sparsity"": 0.11024664864921782, ""op_types"": [""Conv2d""]}, {""op_names"": [""layer1.1.conv2""], ""sparsity"": 0.12513794787404287, ""op_types"": [""Conv2d""]}, {""op_names"": [""layer2.0.conv1""], ""sparsity"": 0.16688588791250902, ""op_types"": [""Conv2d""]}, {""op_names"": [""layer4.0.shortcut.0""], ""sparsity"": 0.1803159810314571, ""op_types"": [""Conv2d""]}, {""op_names"": [""layer2.0.conv2""], ""sparsity"": 0.1850852804015548, ""op_types"": [""Conv2d""]}, {""op_names"": [""layer2.1.conv1""], ""sparsity"": 0.19567241889485043, ""op_types"": [""Conv2d""]}, {""op_names"": [""layer2.1.conv2""], ""sparsity"": 0.22197045848667585, ""op_types"": [""Conv2d""]}, {""op_names"": [""layer3.0.conv1""], ""sparsity"": 0.24513850744298998, ""op_types"": [""Conv2d""]}, {""op_names"": [""layer3.0.conv2""], ""sparsity"": 0.2643302839639239, ""op_types"": [""Conv2d""]}, {""op_names"": [""layer3.1.conv1""], ""sparsity"": 0.2908040218785284, ""op_types"": [""Conv2d""]}, {""op_names"": [""layer3.1.conv2""], ""sparsity"": 0.3029842617424628, ""op_types"": [""Conv2d""]}, {""op_names"": [""layer4.0.conv1""], ""sparsity"": 0.3343965035194442, ""op_types"": [""Conv2d""]}, {""op_names"": [""layer4.0.conv2""], ""sparsity"": 0.548662076700613, ""op_types"": [""Conv2d""]}, {""op_names"": [""layer4.1.conv1""], ""sparsity"": 0.8352379456202974, ""op_types"": [""Conv2d""]}, {""op_names"": [""layer4.1.conv2""], ""sparsity"": 0.9828720958770368, ""op_types"": [""Conv2d""]}]"
